created_at,text,likes
2024-12-06 23:59:57+00:00,"ØªØ§Ø¨Ø¹Ù‡Ù… ÙŠØ§ØªØ¨Ø¹ÙˆÙƒÙ… 
Ø±ÙŠØªÙˆÙŠØª Ù„Ù„Ø¯Ø¹Ù… 
ğŸ˜ğŸ˜ğŸ˜ğŸ˜
@gumterver100
@ZyrwT28134
@shahnawaz_2182
@1___A_1 
@_Solav_
@rshrooshh
@glmsjd
@nt41000
@AhmedAb84271008
@shadoshamy
@kp13s
@haAl55342
@smy58881
@gzl623463751501
@ma_haq8
@AliAli711z
@FayzQrysh57883
@MYK_63
@Hannibal1998X
#Ù‡Ù„Ø§_Ù‡Ù„Ø§ 
#Ù‡Ù„Ø§",64
2024-12-06 23:59:12+00:00,"@EarvLikes I can't believe i killed ma best friaaand 

:(",31
2024-12-06 23:59:31+00:00,"Pinni:Madyarathiri 2:30ki neeku ma bedroom deggara emPani ra?
Son:Waterkosam ochhanu pinni
Pinni:Naku telidu anukoku Roju nannu meebabai ee timeki juttupattukoni doggystylelo padesi dengutavunte nuvvu ahbokkalo nunchichusi kottukuntuvuntav
Babai:(Oh Lanja munda lopaliki raave) https://t.co/vxpwVT7MH1",28
2024-12-06 23:59:41+00:00,"@Vito82488734 myÅ›lÄ™, Å¼e w niej samej nie ma jeszcze wyrachowania, tylko w doradcach i sztabie
ona ma jeszcze mleko pod nosem, wiÄ™c ideologie pod postaciÄ… tÄ™czowej flagi,rÃ³wnoÅ›Ä‡, prawa do macicy i inne pierdy sÄ… dla niej waÅ¼niejsze niÅ¼ waÅ¼ne sprawy tego kraju",27
2024-12-06 23:59:33+00:00,"Ma shqetsun pak xheneten, produksion muti #bbvipks3 https://t.co/BRfOLjG170",17
2024-12-06 23:59:18+00:00,"@TheMistressCat Very nice gams, Ma'am.",17
2024-12-06 23:59:16+00:00,"O Arion dil ma mir
Merre edhe Drilonin pash Zotin se fort jon te shfrytzuu 
T lutna #bbvipks3",11
2024-12-06 23:59:29+00:00,@solenne4evah MA Ãˆ FUORI DI TESTA,10
2024-12-06 23:59:19+00:00,Devinez qui doit aller au resto demain pour lâ€™anniversaire de son oncle et se tape une insomnie de singe ? Je ne hais pas assez ma naigre vie.,8
2024-12-06 23:59:47+00:00,"@borghi_claudio Fatto .Non ho inviato mail, ma Ã¨ stato importante partecipare  in segno di apprezzamento fiducia e stima per il vostro lavoro.",6
2024-12-06 23:59:24+00:00,@hotfirespicy Every single day ma,4
2024-12-06 23:59:37+00:00,"@Aku_68 @Rymcu @Cinkroflol @JankosLoL Nie oglÄ…dam, ale od jakiÅ› 2 tygodni widzÄ™, Å¼e gra w eldena, wczeÅ›niej wukonga. A co w tym dziwnego skoro od 10 lat gra zawodowo w ligÄ™, to co ma byÄ‡ na jego streamach, fortnite? XD",3
2024-12-06 23:59:25+00:00,@lynna_nich @xslhi @hsan730 @merein15 @6i6iQ @AlkwytAyh63 @_i1ic @swdmd42233 @qwer8790 @arimhamd @ma_ma711 @swadeahdhj @luizcosta76 @MYK_63 @Hekaya_MZ @2w2030 @mits_i @kn_jui @florchicana @Aly9a â¦(â â— â â€¿â ãƒ»â )â â€”â â˜†â©,3
2024-12-06 23:59:20+00:00,@lagio976 @PacettaVa @GiuntaDenise @lauramilla2021 Ma quello di Mert Ã¨ davvero indecente... (canticchiando r cambiando le parole).,3
2024-12-06 23:59:51+00:00,"@artikk365 @matthewcageish Ma non era da denuncia mai nella vita, sono foto pubbliche, ma di che parliamo? Ahahah",2
2024-12-06 23:59:50+00:00,@gesudellalazio Ma pe fa che?,2
2024-12-06 23:59:41+00:00,"L'uomo che sussurra ai #colpodistato, ma ha paura di due domande #marcorizzo
ğŸ˜‚ğŸ˜‚ğŸ˜‚ğŸ˜‚ğŸ˜‚ğŸ˜‚ğŸ˜‚ğŸ˜‚ğŸ˜‚ğŸ˜‚ğŸ˜‚ğŸ˜‚ https://t.co/CiNSx0NtYi",2
2024-12-06 23:59:41+00:00,Ma cousine ğŸ¤©ğŸ˜ https://t.co/TFdLHdJTSu https://t.co/4vH465ykBE,2
2024-12-06 23:59:37+00:00,@kaynbabygirl Si battibecca sempre ma istg prima in linea per Toria protection squad,2
2024-12-06 23:59:33+00:00,"@ma_kunn_oann æ°—ã¾ãã‚Œã ã‹ã‚‰ã“ãå¯æ„›ã„ã§ã™ã‚ˆã­â™¡
ãŠã¯ã‚ˆã†ã”ã–ã„ã¾ã™(*^^*)",2
2024-12-06 23:59:31+00:00,"@drofin69 CÃ¡ch Ä‘Ã¡p tráº£ hay nháº¥t Ä‘Ã³ chÃ­nh lÃ  tiáº¿p tá»¥c lÃ m tá»‘t nhá»¯ng gÃ¬ mÃ  tá»¥i nÃ³ Ä‘ang ganh tá»µ á»Ÿ a ğŸ¤£ thÃ³i Ä‘á»i giÃ u thÃ¬ nÃ³ ghÃ©t, Ä‘Ã³i thÃ¬ nÃ³ khinh, thÃ´ng minh thÃ¬ nÃ³ tÃ¬m cÃ¡ch tiÃªu diá»‡t ğŸ¥¹ğŸ¥¹",2
2024-12-06 23:59:29+00:00,"@RenatoCuccu1 Luca Ã¨ di animo buono 
Sta dando spazio a tutti i ragazzi
Anche Javier ha riallacciato i rapporti con spolverino che detesto. Ma credo che la convivenza forzata li portino ad un certo punto ad andare avanti",2
2024-12-06 23:59:11+00:00,"Kurr hiq ne jete xuxi ma shume vota se Gjesti , fuck this shit #bbvipks3",2
2024-12-06 23:59:58+00:00,[FR/EN] Champion 900SR+ / Let's play some ranked ma boiiii https://t.co/KbeQOSUJ62,1
2024-12-06 23:59:56+00:00,Ma quindi ora Gue sa fare i selfie?,1
2024-12-06 23:59:54+00:00,"@hi_ma_rin_rin ã²ã¾ã‚Šã¡ã‚ƒã‚“ğŸŒ»ãŠã¯ã‚ˆãƒ¼ğŸ’•

æœã”ã¯ã‚“ã¯ã‚‚ã†é£Ÿã¹ãŸã‘ã©ã€ã²ã¾ã‚Šã¡ã‚ƒã‚“ã‚’
ãŠã‹ã‚ã‚Šã™ã‚‹ã§ã€ã„ã„ã§ã™ã‹ğŸ¤­",1
2024-12-06 23:59:51+00:00,MA SÅ’UR A 20 ANS C TERRIBLE,1
2024-12-06 23:59:51+00:00,"@ma_yu_63 å¹´é½¢ç§ã®æ–¹ãŒå°‘ã—ä¸Šã ã‘ã©ã»ã¼ä¸€ç·’ğŸ’¦
ä¿¡ã˜ã‚‰ã‚Œãªã„ğŸ˜­
ç¾å°‘å¹´ã¨ã‚·ãƒ³ãƒ‰ãƒ©ã‚„ã£ã¦ãŸã®è¦‹ã¦ãŸã®ã«â€¦
æ¯æ­¢ã¾ã‚Šãã†ã«ãªã£ãŸğŸ˜­
å¹´é½¢é‡ã­ã‚‹åº¦ã«ã‚­ãƒ¬ã‚¤ã ãªã€œ
ç§ã‚‚é ‘å¼µã‚ã¨ã‹æ€ã£ã¦ãŸã®ã«ğŸ¥¹
ãŠé¢¨å‘‚ã§ã®äº‹æ•…å¤šã„ã®ã¯èã„ã¦ãŸã‘ã©â€¦
è¾›ã„ğŸ˜­ğŸ˜­ğŸ˜­",1
2024-12-06 23:59:51+00:00,"@ma_yu5_v ãŠã¯ã‚ˆãƒ¼ï¼ï¼
é“è·¯ãƒ„ãƒ«ãƒ„ãƒ«âˆ‘(ï¿£Ğ”ï¿£;)ã‚„ãƒ¼ã°ã„ï¼

æ°—ã‚’ã¤ã‘ã¦ã­â¤",1
2024-12-06 23:59:45+00:00,"@stacce2021 Ma almeno sei Leone! Puoi andare orgoglioso di questa convenzione inventata per soddisfare le menti semplici e non devi fare le corna ogni volta che qualcuno ti fa la fatidica domanda!
Certo che sfiga, peggio di ferragosto c'Ã¨ solo natale, una prece.",1
2024-12-06 23:59:45+00:00,@Hajjinho3ashra Lâ€™idÃ©e de malade mentale je me serais suicider dans ma voiture,1
2024-12-06 23:59:45+00:00,@nocas4you ComeÃ§o a achar que houve de facto mÃ¡ interpretaÃ§Ã£o!âœ…,1
2024-12-06 23:59:45+00:00,@sakuragi_MA ğŸ˜†ğŸ‘ï¸âœ¨,1
2024-12-06 23:59:40+00:00,"@Ma_____2_1_2 ãŠã¯ã‚ˆã†ã”ã–ã„ã¾ã™
ä»Šæ—¥ã‚‚é ‘å¼µã‚Šã¾ã—ã‚‡ã†ğŸª¼",1
2024-12-06 23:59:34+00:00,"@PiknikLublin @Mat_RKS1950 @ZMostuProsto No ale pÃ³ki co inba jest o to, Å¼e jakim prawem jest drogo i wgl po co? No wÅ‚aÅ›nie np. po to. Ja mam wraÅ¼enie(nie ad personam) Å¼e niektÃ³rzy to oczekujÄ… Å¼e dostanÄ… pakiet PRO za cenÄ™ BASIC. No tak to nie dziaÅ‚a. Motor nie ma innych biznesÃ³w jak mistrz polski i np. nie zarabia na ğŸ”",1
2024-12-06 23:59:34+00:00,"@ma_rin8047 @miyahara1x ãŠã¯ã‚ˆãƒ¼ã”ã–ã„ã¾ã™â˜•
ä»Šæ—¥ã‚‚ã¾ã‚“ã¾ã‚‹ç¬‘é¡”ã„ã£ã±ã„
ã‚ˆã‚ã—ããŠé¡˜ã„è‡´ã—ã¾ã™ğŸ’",1
2024-12-06 23:59:29+00:00,@syd050600 Yes ma'am the motion of the ocean in my teenage years ğŸ¤£ğŸ¤£ğŸ¤£ğŸ¤£ğŸ¤£ğŸ¤£,1
2024-12-06 23:59:28+00:00,@omgshakethatass @ZeroAgree Yes maâ€™am ^^,1
2024-12-06 23:59:27+00:00,@sakuragi_MA ğŸ¤”,1
2024-12-06 23:59:24+00:00,@ma_kunn_oann ãŠã¯ã‚ˆã†ã”ã–ã„ã¾ã™ğŸŒâœ¨,1
2024-12-06 23:59:22+00:00,@Lisayahhhh1997 Di ka po ma add,1
2024-12-06 23:59:21+00:00,"ITZ 2024 PIX Update https://t.co/0V56Igj0yS
#AMZN #CRWD #GLD #IJR #MA",1
2024-12-06 23:59:20+00:00,@TheDeshBhakt Tere ma ka bh0sda bsdkkk,1
2024-12-06 23:59:19+00:00,"@mrzcx2112 Ä‘Ã£ tá»«ng bá»‹ chia tÃ i khoáº£n nhÆ°ng nhá» theo nhá»¯ng thÃ´ng tin nháº­n Ä‘á»‹nh cá»§a ad mÃ  Ä‘Ã£ cÃ³ lÃ£i, ko tá»‘n má»™t Ä‘á»“ng fee group vip nÃ o nÃªn lÃ  lÃ¹a gÃ  cc",1
2024-12-06 23:59:14+00:00,"Un jour faudra que je parle du stress et du bruxisme.. 1 an que g ma gouttiÃ¨re et RAS.. flinguÃ©e en 4 jours.... ğŸ¥¶ğŸ¥¶ğŸ¥¶ parfois jme diq que jmords plus fort que mes chiens (vÃ©ridique, y'en a dÃ©ja une qui a jouÃ© avec)",1
2024-12-06 23:59:14+00:00,@ma_kunn_oann ã‚¹ãƒ†ã‚£ãƒƒã‚¯ã‚·ãƒ¥ã‚¬ãƒ¼ã§ã™ğŸ¤£æ™‚ã€…åºŠã«è½ã¨ã•ã‚Œã¦ã¦ã€ã‚“ï¼Ÿã¨ã¯æ€ã£ã¦ã„ãŸã‚“ã§ã™ã‘ã©ã€ã“ã‚“ãªã«è§¦ã‚‰ã‚Œã¦ã„ãŸã¨ã¯ã€œğŸ˜‚,1
2024-12-06 23:59:11+00:00,@ma_tsu0131 ãŒã‚“ã°ã‚Œï¼,1
2024-12-06 23:59:11+00:00,"@massiTsunami Un allenatore puÃ² dire che l'arbitro ha sbagliato secondo lui, ma non puÃ² dire cosÃ¬ apertamente che c'Ã¨ un ""complotto"" o cose cosÃ¬. Si dovrebbe aprire un procedimento disciplinare.",1
2024-12-06 23:59:10+00:00,@ameya_ma ãƒ¤ãƒƒãƒ›ãƒ¼ï¼ç™½é¦¬ãƒ–ãƒ«ãƒ¼ã‚¤ãƒ³ã‚°ãƒ½(^o^)ä¸¿,1
2024-12-06 23:59:58+00:00,MA=WA,0
2024-12-06 23:59:56+00:00,@NTForFNT Trá»i Æ¡i mÃ¡ Ä‘ang phÃ¡ trend háº£? STOP,0
2024-12-06 23:59:56+00:00,@ma_ra992 @alkazraj Ø§Ù…ÙŠÙ† ÙˆÙ„Ùƒ Ø¨Ø§Ù„Ù…Ø«Ù„ ÙŠØ§Ø±Ø¨ Ø§Ù†Ø§ Ø§Ù„Ø­Ù…Ø¯Ù„Ù„Ù‡ Ø¹ØªØ¯ÙŠ Ù„ØºÙ‡ ÙˆÙ†Ø§ÙˆÙŠ Ø§Ø¯Ø®Ù„ Ø¯ÙˆØ±Ø§Øª Ø²ÙŠØ§Ø¯Ù‡ ØªØ²ÙŠØ¯ Ù…Ù† Ø§Ù„ÙØ±Øµ.,0
2024-12-06 23:59:55+00:00,"@7heures13 Non ğŸ•º yâ€™a 2 screens de blocage (le lien plus celui de ma pote) 
Celui avec le follow back 
Et les 2 derniers c T pour prouver que tu mentais 
I keep receipts ğŸ’…ğŸ’… (c faux je supprime jms mes photos c tt)",0
2024-12-06 23:59:54+00:00,@turwie2 @szymon_holownia Co tam marudzisz? Å»e gnom komosa nie ma immunitetu?,0
2024-12-06 23:59:53+00:00,@PrzemekShura Wojna ma trwaÄ‡ do ostatniego ukrainca,0
2024-12-06 23:59:52+00:00,"@iddioodo @Anna302478978 Sarai ritardato? Ma certamente. Cercare su gugol Ã¨ una cosa semplice, ma non per i triplodosati ingoiazucchine they/them. https://t.co/wbCD2xJTMu",0
2024-12-06 23:59:52+00:00,Ma belle supprimes ! https://t.co/o3yLhYbIWY,0
2024-12-06 23:59:52+00:00,@zniv22 C bon la toxicitÃ© en mode t ma groupie pas celle des gens vs Ãªtes dans un film,0
2024-12-06 23:59:51+00:00,"@ma_3679 ã¾ã‚ˆã¡ã‚ƒã‚“ã‚‚ã‚ã‹ã‚“ã‹ã£ãŸã‚“ã‚„ãªãƒ¼ğŸ˜­
æ¬¡ã®ãƒãƒ£ãƒ³ã‚¹ã§ï¼ï¼",0
2024-12-06 23:59:51+00:00,@loovesosa_ Merciiii ma bombe â¤ï¸ (câ€™est quand on va au velğŸ˜¡),0
2024-12-06 23:59:50+00:00,Ma meuf quand elle c'est rÃ©veillÃ© avec un #Bitcoin Ã  100 000$ ğŸ¤£ğŸ¤£ğŸ¤£ https://t.co/fvz8SSiWH7,0
2024-12-06 23:59:49+00:00,"@AnonymaticaSRL Uh mi Ã¨ andata bene, facevo cose orribili, ma negli anni 80!",0
2024-12-06 23:59:48+00:00,"@BluKalpIstanbul @pomeriggio5 Ma vai a cagare, cretina",0
2024-12-06 23:59:48+00:00,"@mat_augmente Le dernier tier n'est pas nÃ©cessaire, message patriarcal peu subtil (Ã  l'image du patron) et le son giga fort (mais bon Ã§a c ma faute), mais sinon c bien uÃ©",0
2024-12-06 23:59:47+00:00,@coingecko Mot ngay ra 100 nv a lam tien the ma mik lam mjon qua lam som la ngon r khong,0
2024-12-06 23:59:46+00:00,"@miya___ma ãŠã¯ã¿ã‚„ã§ã™(Ğ¾Â´âˆ€ã‚)ğŸ’š

å¿ƒã®ãªã‹ã§ã¯ã‚„ã£ã¡ã‚ƒã†ã®ã­â€¦â€¦âœ¨ã€€å¯æ„›ã„ğŸ˜†
ä»Šæ—¥ã‚‚ã‚†ã‚‹ãµãã„ã§ç”Ÿãã¾ã™ã‹ğŸ’ªğŸ«›ğŸ§ï¸",0
2024-12-06 23:59:44+00:00,"bingo!  it  gives  you  something  to  do,  doesn't  it?  what  else  do  you  do  otherwise?  say  â€˜  yes  ma'am,  no  ma'am  â€™  and  play  good  boy? https://t.co/Wdj9u18fVR",0
2024-12-06 23:59:44+00:00,@MaxStarWalker Ma sei uno di quelli con le bandierine nel nome. Tutto chiaro.,0
2024-12-06 23:59:43+00:00,@JGSDF_MA_14B_pr ğŸ“£ãƒ•ã‚¡ã‚¤ãƒˆãƒ¼â€¼ï¸,0
2024-12-06 23:59:42+00:00,"@_aminasy @degeurbopp Age is a number 
Diokh ma thieur par rapport ak lenene way",0
2024-12-06 23:59:42+00:00,"@manami_ma_na_mi ãŠã¯ã‚ˆã†ã”ã–ã„ã¾ã™ã€
çœŸå¥ˆç¾ã•ã‚“ã€‚
ã‚ã‚ŠãŒã¨ã†ã”ã–ã„ã¾ã™ã€
å†™çœŸæ¥½ã—ã¿ã§ã™ğŸ˜Š",0
2024-12-06 23:59:40+00:00,@billy7890q Yes ma'am,0
2024-12-06 23:59:40+00:00,@ma_pi_ SSRã£ã¦ã„ã†è‰²é•ã„ã®æ‰‹æŠœããŒã‚ã‹ã‚“ã®ã‹ã­(Â´ãƒ»Ï‰ãƒ»`),0
2024-12-06 23:59:38+00:00,@SenJoniErnst Woe unto the REPUBLICAN senators or congressmen who vote to impede Trumps agenda.  We the People VOTED for him to break up the corruption in the bureaucracy.  Harsh electoral penalty will befall those who sabotage this great reform.  Count on it Maâ€™am.,0
2024-12-06 23:59:38+00:00,@misteriouspavao Globo:  Esse salto satisfaz o critÃ©rio tÃ©cnico de tirar os 2 pÃ©s do chÃ£o e saltar. NÃ£o entendo a mÃ¡ vontade dos jurados que estÃ£o dando nota baixa. NÃ£o faz sentido. Os jurados nÃ£o gostam do atleta.,0
2024-12-06 23:59:37+00:00,Un jour je raconterai comment on sâ€™est retrouvÃ© Ã  Skid Row avec Naomi Ã  cause de ma tante,0
2024-12-06 23:59:36+00:00,"@valheim_s @succube124 @faureolivier Avec le recul, tu vois bien que les primaires ne servent Ã  rien, pour les Ã©lÃ©phants du PS c'est 'pile je gagne face tu perds'
En cas de victoire c'est 'faites ma campagne car nous sommes victorieux' sinon c'est 'ciao nous on est pour le candidat+ proches des grd mÃ©dia et du CAC40",0
2024-12-06 23:59:34+00:00,Ma boyyssss https://t.co/tz95WBtstS,0
2024-12-06 23:59:33+00:00,sana ma approve na :((,0
2024-12-06 23:59:32+00:00,"@becca22cr7 @GioSer_3313 Ma @GioSer_3313 hai ancora il coraggio di sparlare e difendere questa societÃ  e squadra ? Aspetta almeno la nuova versione di football manager , magari câ€™Ã¨ qualche aggiornamento che ti torna utile per apprendere il gioco del calcio",0
2024-12-06 23:59:28+00:00,"@GTrapezov @JuBrozeur @Breeyz90 @channasparkle Oh non un Nazâ€¦Raciste insulte ma religion car il est incapable de comprendre le sens dâ€™un Verset, ma vie va si mal. Mdrr allez bonne nuit mon petit racelard Ã§a sert Ã  rien de rÃ©pondre je tâ€™Ã©crirai plus, passe la bonjour Ã  la jeune Rebecca",0
2024-12-06 23:59:26+00:00,"ma stiamo scherzando vero? io ero come una cogliona a guardare quei due che a poco scopavano sul tavolo da biliardo, io non so piÃ¹ cosa fare",0
2024-12-06 23:59:25+00:00,ma oggi non mi funziona ig,0
2024-12-06 23:59:25+00:00,First time jud ta ani ma ablihan sa Gaisano yaw,0
2024-12-06 23:59:25+00:00,Ma vidÃ©o purÃ©e https://t.co/UghSpXtc7p,0
2024-12-06 23:59:23+00:00,"#Cyberpunk2077 est le premier jeu Ã  mettre ma moralitÃ© Ã  rude Ã©preuve, jâ€™en vient rÃ©flÃ©chir Ã  mes choix dans la vraie vie.",0
2024-12-06 23:59:23+00:00,"âœ“ mais um artigo publicado no EstadÃ£o 
LitigÃ¢ncia de mÃ¡-fÃ©, a degradaÃ§Ã£o da JustiÃ§a https://t.co/pN1T0iD0NJ",0
2024-12-06 23:59:23+00:00,"ByÅ‚y minister rolnictwa w rzÄ…dzie SLD Wojciech Olejniczak zostaÅ‚ w Å›rodÄ™ zatrzymany przez CBA.
https://t.co/2ToqN6ddtj",0
2024-12-06 23:59:22+00:00,"@orw7 @prabowo @gibran_tweet Buakakakkk
PS angkat doi jd tim ???
Pantess ğŸ¤£ğŸ¤£ğŸ¤£
Minta d ganti ma lo ya Fir ???
ğŸ¤£ğŸ¤£ğŸ¤£ https://t.co/Ugm4UBbnrG",0
2024-12-06 23:59:19+00:00,"Your welcome ma'am, I'm so glad my song brings happiness, I appreciate your likes and comments message me privately on telegram https://t.co/YXGeoFmfel https://t.co/gC7J3GQHaE",0
2024-12-06 23:59:19+00:00,@Stefano173456 Semplicemente penosi...fate uno streaming pubblico...siete nati antisistema e ora siete inside al sistema...falsi ipocriti e ignoranti ma dannosi,0
2024-12-06 23:59:17+00:00,@amy_gomez10659 @TheGoonyBin Done and retweeted maâ€™am ğŸ‘ŠğŸ‡ºğŸ‡¸ğŸ‡ºğŸ‡¸ğŸ‡ºğŸ‡¸ğŸ‡ºğŸ‡¸ğŸ‡ºğŸ‡¸ğŸ‡ºğŸ‡¸ğŸ‘Š,0
2024-12-06 23:59:15+00:00,@AllahGreatQuran Ma sha Allah,0
2024-12-06 23:59:15+00:00,"Gw gacha dia karna seiyuu. Awalnya GK tertarik samsek ma dia. Pas gw liat bentukannya ""Walah tipe2 char cowo edgy + emo yg akan digemari para player cewe""

Sampai kemudian gw pertama kali denger suara dia waktu ngomong ke Jingyuan. Gw langsung suka ma dia 

""MIKI SHINICHIRO COG"" https://t.co/BssZE6z0fL",0
2024-12-06 23:59:14+00:00,"Esses dias, lendo chat antigo do dito cujo, me deparo com ele falando isso: ""vocÃª Ã© mÃ¡"" ğŸ¤­",0
2024-12-06 23:59:13+00:00,@ma_franks universities are not promoting free. Speech universities are indoctrinating children universities have professors that will not entertain an opposing view from a student.,0
2024-12-06 23:59:12+00:00,"#Ø¯ÙˆØ±ÙŠ_Ø±ÙˆØ´Ù†_Ø§Ù„Ø³Ø¹ÙˆØ¯ÙŠ
Ù‡Ø°Ø§ Ø³Ù†Ø§Ø¨ Ø§Ù„Ù…ØªØ¬Ø± Ø¹Ù„ÙŠ Ø§Ù„Ø¯ÙˆØ³Ø±ÙŠ Ø¶ÙŠÙÙˆÙ‡ ÙˆØªØ§Ø¨Ø¹ÙˆÙ‡ ÙˆØªÙØ§Ø¹Ù„ ÙˆÙŠØ³ØªØ§Ù‡Ù„ Ø¯Ø¹Ù… â¬‡ï¸
https://t.co/JwGddPNT4R",0
2024-12-06 23:59:11+00:00,@javi_khoso Probably an uncredited studio artist unless it's the art Director Dino Ma.,0
2024-12-06 23:59:11+00:00,@Antonio_Tajani Gli intanto Ã¨ in corso un colpo di stato e non câ€™Ã¨ interferenze da parte di nessuno ğŸ˜¡ il fatto sta che il popolo a detto basta hai corrotti  che da 30 ani ci governano ma hei viva la disinformazione complimenti ğŸ‘ğŸ‘ğŸ‘,0
2024-12-06 23:59:10+00:00,@rbellandi69 Ma avresti 21 scudetti e il Milan 18.,0
